Stage,Matchday,Date,Time,Timezone,Team 1,FT,HT,Team 2,UTC
Regular,1,Fri Aug 4 2023,20:00,BST / UTC+0100,Sheffield Wednesday FC,1-2,0-1,Southampton FC,2023-08-04T19:00:00Z
Regular,1,Sat Aug 5 2023,15:00,BST / UTC+0100,Blackburn Rovers FC,2-1,2-0,West Bromwich Albion FC,2023-08-05T14:00:00Z
Regular,1,Sat Aug 5 2023,15:00,BST / UTC+0100,Bristol City FC,1-1,0-0,Preston North End FC,2023-08-05T14:00:00Z
Regular,1,Sat Aug 5 2023,15:00,BST / UTC+0100,Middlesbrough FC,0-1,0-0,Millwall FC,2023-08-05T14:00:00Z
Regular,1,Sat Aug 5 2023,15:00,BST / UTC+0100,Norwich City FC,2-1,1-1,Hull City AFC,2023-08-05T14:00:00Z
Regular,1,Sat Aug 5 2023,15:00,BST / UTC+0100,Plymouth Argyle FC,3-1,1-1,Huddersfield Town AFC,2023-08-05T14:00:00Z
Regular,1,Sat Aug 5 2023,15:00,BST / UTC+0100,Watford FC,4-0,4-0,Queens Park Rangers FC,2023-08-05T14:00:00Z
Regular,1,Sat Aug 5 2023,15:00,BST / UTC+0100,Stoke City FC,4-1,3-0,Rotherham United FC,2023-08-05T14:00:00Z
Regular,1,Sat Aug 5 2023,15:00,BST / UTC+0100,Swansea City AFC,1-1,0-1,Birmingham City FC,2023-08-05T14:00:00Z
Regular,1,Sun Aug 6 2023,12:00,BST / UTC+0100,Leicester City FC,2-1,0-0,Coventry City FC,2023-08-06T11:00:00Z
Regular,1,Sun Aug 6 2023,14:30,BST / UTC+0100,Leeds United FC,2-2,0-2,Cardiff City FC,2023-08-06T13:30:00Z
Regular,1,Sun Aug 6 2023,17:00,BST / UTC+0100,Sunderland AFC,1-2,0-1,Ipswich Town FC,2023-08-06T16:00:00Z
Regular,2,Sat Aug 12 2023,12:30,BST / UTC+0100,Coventry City FC,3-0,1-0,Middlesbrough FC,2023-08-12T11:30:00Z
Regular,2,Sat Aug 12 2023,15:00,BST / UTC+0100,Birmingham City FC,1-0,0-0,Leeds United FC,2023-08-12T14:00:00Z
Regular,2,Sat Aug 12 2023,15:00,BST / UTC+0100,Cardiff City FC,1-2,0-1,Queens Park Rangers FC,2023-08-12T14:00:00Z
Regular,2,Sat Aug 12 2023,15:00,BST / UTC+0100,Millwall FC,0-1,0-0,Bristol City FC,2023-08-12T14:00:00Z
Regular,2,Sat Aug 12 2023,15:00,BST / UTC+0100,Southampton FC,4-4,2-3,Norwich City FC,2023-08-12T14:00:00Z
Regular,2,Sat Aug 12 2023,15:00,BST / UTC+0100,Watford FC,0-0,0-0,Plymouth Argyle FC,2023-08-12T14:00:00Z
Regular,2,Sat Aug 12 2023,15:00,BST / UTC+0100,Huddersfield Town AFC,0-1,0-0,Leicester City FC,2023-08-12T14:00:00Z
Regular,2,Sat Aug 12 2023,15:00,BST / UTC+0100,Hull City AFC,4-2,1-1,Sheffield Wednesday FC,2023-08-12T14:00:00Z
Regular,2,Sat Aug 12 2023,15:00,BST / UTC+0100,Ipswich Town FC,2-0,1-0,Stoke City FC,2023-08-12T14:00:00Z
Regular,2,Sat Aug 12 2023,15:00,BST / UTC+0100,Preston North End FC,2-1,1-1,Sunderland AFC,2023-08-12T14:00:00Z
Regular,2,Sat Aug 12 2023,15:00,BST / UTC+0100,Rotherham United FC,2-2,1-0,Blackburn Rovers FC,2023-08-12T14:00:00Z
Regular,2,Sat Aug 12 2023,15:00,BST / UTC+0100,West Bromwich Albion FC,3-2,1-0,Swansea City AFC,2023-08-12T14:00:00Z
Regular,3,Fri Aug 18 2023,20:00,BST / UTC+0100,Leeds United FC,1-1,0-0,West Bromwich Albion FC,2023-08-18T19:00:00Z
Regular,3,Sat Aug 19 2023,12:30,BST / UTC+0100,Plymouth Argyle FC,1-2,0-0,Southampton FC,2023-08-19T11:30:00Z
Regular,3,Sat Aug 19 2023,15:00,BST / UTC+0100,Sunderland AFC,2-1,1-1,Rotherham United FC,2023-08-19T14:00:00Z
Regular,3,Sat Aug 19 2023,15:00,BST / UTC+0100,Blackburn Rovers FC,1-2,0-0,Hull City AFC,2023-08-19T14:00:00Z
Regular,3,Sat Aug 19 2023,15:00,BST / UTC+0100,Bristol City FC,0-2,0-1,Birmingham City FC,2023-08-19T14:00:00Z
Regular,3,Sat Aug 19 2023,15:00,BST / UTC+0100,Middlesbrough FC,1-1,0-0,Huddersfield Town AFC,2023-08-19T14:00:00Z
Regular,3,Sat Aug 19 2023,15:00,BST / UTC+0100,Leicester City FC,2-1,1-1,Cardiff City FC,2023-08-19T14:00:00Z
Regular,3,Sat Aug 19 2023,15:00,BST / UTC+0100,Queens Park Rangers FC,0-1,0-0,Ipswich Town FC,2023-08-19T14:00:00Z
Regular,3,Sat Aug 19 2023,15:00,BST / UTC+0100,Sheffield Wednesday FC,0-1,0-0,Preston North End FC,2023-08-19T14:00:00Z
Regular,3,Sat Aug 19 2023,15:00,BST / UTC+0100,Stoke City FC,1-0,0-0,Watford FC,2023-08-19T14:00:00Z
Regular,3,Sat Aug 19 2023,15:00,BST / UTC+0100,Swansea City AFC,1-1,1-1,Coventry City FC,2023-08-19T14:00:00Z
Regular,3,Sun Aug 20 2023,12:00,BST / UTC+0100,Norwich City FC,3-1,1-0,Millwall FC,2023-08-20T11:00:00Z
Regular,4,Fri Aug 25 2023,19:30,BST / UTC+0100,Hull City AFC,1-1,1-0,Bristol City FC,2023-08-25T18:30:00Z
Regular,4,Sat Aug 26 2023,15:00,BST / UTC+0100,Birmingham City FC,2-1,1-0,Plymouth Argyle FC,2023-08-26T14:00:00Z
Regular,4,Sat Aug 26 2023,15:00,BST / UTC+0100,Cardiff City FC,2-1,0-0,Sheffield Wednesday FC,2023-08-26T14:00:00Z
Regular,4,Sat Aug 26 2023,15:00,BST / UTC+0100,Coventry City FC,0-0,0-0,Sunderland AFC,2023-08-26T14:00:00Z
Regular,4,Sat Aug 26 2023,15:00,BST / UTC+0100,Millwall FC,1-0,1-0,Stoke City FC,2023-08-26T14:00:00Z
Regular,4,Sat Aug 26 2023,15:00,BST / UTC+0100,Southampton FC,2-1,1-1,Queens Park Rangers FC,2023-08-26T14:00:00Z
Regular,4,Sat Aug 26 2023,15:00,BST / UTC+0100,Huddersfield Town AFC,0-4,0-2,Norwich City FC,2023-08-26T14:00:00Z
Regular,4,Sat Aug 26 2023,15:00,BST / UTC+0100,Ipswich Town FC,3-4,2-3,Leeds United FC,2023-08-26T14:00:00Z
Regular,4,Sat Aug 26 2023,15:00,BST / UTC+0100,Preston North End FC,2-1,0-1,Swansea City AFC,2023-08-26T14:00:00Z
Regular,4,Sat Aug 26 2023,15:00,BST / UTC+0100,Rotherham United FC,1-2,0-1,Leicester City FC,2023-08-26T14:00:00Z
Regular,4,Sat Aug 26 2023,15:00,BST / UTC+0100,West Bromwich Albion FC,4-2,2-1,Middlesbrough FC,2023-08-26T14:00:00Z
Regular,4,Sun Aug 27 2023,12:00,BST / UTC+0100,Watford FC,0-1,0-0,Blackburn Rovers FC,2023-08-27T11:00:00Z
Regular,5,Sat Sep 2 2023,12:30,BST / UTC+0100,Sunderland AFC,5-0,3-0,Southampton FC,2023-09-02T11:30:00Z
Regular,5,Sat Sep 2 2023,12:30,BST / UTC+0100,Birmingham City FC,1-1,0-1,Millwall FC,2023-09-02T11:30:00Z
Regular,5,Sat Sep 2 2023,12:30,BST / UTC+0100,Swansea City AFC,1-2,1-0,Bristol City FC,2023-09-02T11:30:00Z
Regular,5,Sat Sep 2 2023,15:00,BST / UTC+0100,Coventry City FC,3-3,1-1,Watford FC,2023-09-02T14:00:00Z
Regular,5,Sat Sep 2 2023,15:00,BST / UTC+0100,Middlesbrough FC,0-2,0-1,Queens Park Rangers FC,2023-09-02T14:00:00Z
Regular,5,Sat Sep 2 2023,15:00,BST / UTC+0100,Ipswich Town FC,3-2,0-1,Cardiff City FC,2023-09-02T14:00:00Z
Regular,5,Sat Sep 2 2023,15:00,BST / UTC+0100,Leeds United FC,0-0,0-0,Sheffield Wednesday FC,2023-09-02T14:00:00Z
Regular,5,Sat Sep 2 2023,15:00,BST / UTC+0100,Leicester City FC,0-1,0-1,Hull City AFC,2023-09-02T14:00:00Z
Regular,5,Sat Sep 2 2023,15:00,BST / UTC+0100,Plymouth Argyle FC,3-0,1-0,Blackburn Rovers FC,2023-09-02T14:00:00Z
Regular,5,Sat Sep 2 2023,15:00,BST / UTC+0100,Rotherham United FC,2-1,2-0,Norwich City FC,2023-09-02T14:00:00Z
Regular,5,Sat Sep 2 2023,15:00,BST / UTC+0100,Stoke City FC,0-2,0-0,Preston North End FC,2023-09-02T14:00:00Z
Regular,5,Sat Sep 2 2023,15:00,BST / UTC+0100,West Bromwich Albion FC,1-2,0-1,Huddersfield Town AFC,2023-09-02T14:00:00Z
Regular,6,Fri Sep 15 2023,19:45,BST / UTC+0100,Hull City AFC,1-1,0-1,Coventry City FC,2023-09-15T18:45:00Z
Regular,6,Fri Sep 15 2023,20:00,BST / UTC+0100,Southampton FC,1-4,1-3,Leicester City FC,2023-09-15T19:00:00Z
Regular,6,Sat Sep 16 2023,15:00,BST / UTC+0100,Bristol City FC,0-0,0-0,West Bromwich Albion FC,2023-09-16T14:00:00Z
Regular,6,Sat Sep 16 2023,15:00,BST / UTC+0100,Watford FC,2-0,0-0,Birmingham City FC,2023-09-16T14:00:00Z
Regular,6,Sat Sep 16 2023,15:00,BST / UTC+0100,Huddersfield Town AFC,2-0,1-0,Rotherham United FC,2023-09-16T14:00:00Z
Regular,6,Sat Sep 16 2023,15:00,BST / UTC+0100,Norwich City FC,1-0,1-0,Stoke City FC,2023-09-16T14:00:00Z
Regular,6,Sat Sep 16 2023,15:00,BST / UTC+0100,Preston North End FC,2-1,2-0,Plymouth Argyle FC,2023-09-16T14:00:00Z
Regular,6,Sat Sep 16 2023,15:00,BST / UTC+0100,Queens Park Rangers FC,1-3,1-1,Sunderland AFC,2023-09-16T14:00:00Z
Regular,6,Sat Sep 16 2023,15:00,BST / UTC+0100,Sheffield Wednesday FC,0-1,0-1,Ipswich Town FC,2023-09-16T14:00:00Z
Regular,6,Sat Sep 16 2023,15:00,BST / UTC+0100,Blackburn Rovers FC,2-1,1-0,Middlesbrough FC,2023-09-16T14:00:00Z
Regular,6,Sat Sep 16 2023,19:45,BST / UTC+0100,Cardiff City FC,2-0,0-0,Swansea City AFC,2023-09-16T18:45:00Z
Regular,6,Sun Sep 17 2023,12:00,BST / UTC+0100,Millwall FC,0-3,0-1,Leeds United FC,2023-09-17T11:00:00Z
Regular,7,Tue Sep 19 2023,19:45,BST / UTC+0100,Bristol City FC,4-1,3-1,Plymouth Argyle FC,2023-09-19T18:45:00Z
Regular,7,Tue Sep 19 2023,19:45,BST / UTC+0100,Cardiff City FC,3-2,1-1,Coventry City FC,2023-09-19T18:45:00Z
Regular,7,Tue Sep 19 2023,19:45,BST / UTC+0100,Southampton FC,0-1,0-1,Ipswich Town FC,2023-09-19T18:45:00Z
Regular,7,Tue Sep 19 2023,19:45,BST / UTC+0100,Preston North End FC,2-1,0-0,Birmingham City FC,2023-09-19T18:45:00Z
Regular,7,Tue Sep 19 2023,19:45,BST / UTC+0100,Queens Park Rangers FC,1-1,0-1,Swansea City AFC,2023-09-19T18:45:00Z
Regular,7,Tue Sep 19 2023,20:00,BST / UTC+0100,Sheffield Wednesday FC,1-1,1-0,Middlesbrough FC,2023-09-19T19:00:00Z
Regular,7,Wed Sep 20 2023,19:45,BST / UTC+0100,Blackburn Rovers FC,1-3,1-2,Sunderland AFC,2023-09-20T18:45:00Z
Regular,7,Wed Sep 20 2023,19:45,BST / UTC+0100,Millwall FC,3-0,1-0,Rotherham United FC,2023-09-20T18:45:00Z
Regular,7,Wed Sep 20 2023,19:45,BST / UTC+0100,Watford FC,2-2,2-2,West Bromwich Albion FC,2023-09-20T18:45:00Z
Regular,7,Wed Sep 20 2023,19:45,BST / UTC+0100,Huddersfield Town AFC,2-2,1-1,Stoke City FC,2023-09-20T18:45:00Z
Regular,7,Wed Sep 20 2023,19:45,BST / UTC+0100,Hull City AFC,0-0,0-0,Leeds United FC,2023-09-20T18:45:00Z
Regular,7,Wed Sep 20 2023,20:00,BST / UTC+0100,Norwich City FC,0-2,0-1,Leicester City FC,2023-09-20T19:00:00Z
Regular,8,Fri Sep 22 2023,20:00,BST / UTC+0100,Birmingham City FC,0-0,0-0,Queens Park Rangers FC,2023-09-22T19:00:00Z
Regular,8,Sat Sep 23 2023,15:00,BST / UTC+0100,Middlesbrough FC,2-1,1-1,Southampton FC,2023-09-23T14:00:00Z
Regular,8,Sat Sep 23 2023,15:00,BST / UTC+0100,Ipswich Town FC,4-3,3-1,Blackburn Rovers FC,2023-09-23T14:00:00Z
Regular,8,Sat Sep 23 2023,15:00,BST / UTC+0100,Leeds United FC,3-0,0-0,Watford FC,2023-09-23T14:00:00Z
Regular,8,Sat Sep 23 2023,15:00,BST / UTC+0100,Leicester City FC,1-0,0-0,Bristol City FC,2023-09-23T14:00:00Z
Regular,8,Sat Sep 23 2023,15:00,BST / UTC+0100,Plymouth Argyle FC,6-2,4-0,Norwich City FC,2023-09-23T14:00:00Z
Regular,8,Sat Sep 23 2023,15:00,BST / UTC+0100,Rotherham United FC,1-1,1-1,Preston North End FC,2023-09-23T14:00:00Z
Regular,8,Sat Sep 23 2023,15:00,BST / UTC+0100,Swansea City AFC,3-0,1-0,Sheffield Wednesday FC,2023-09-23T14:00:00Z
Regular,8,Sat Sep 23 2023,15:00,BST / UTC+0100,West Bromwich Albion FC,0-0,0-0,Millwall FC,2023-09-23T14:00:00Z
Regular,8,Sun Sep 24 2023,12:00,BST / UTC+0100,Stoke City FC,1-3,0-2,Hull City AFC,2023-09-24T11:00:00Z
Regular,8,Sun Sep 24 2023,15:00,BST / UTC+0100,Sunderland AFC,0-1,0-0,Cardiff City FC,2023-09-24T14:00:00Z
Regular,8,Mon Sep 25 2023,20:00,BST / UTC+0100,Coventry City FC,1-1,1-0,Huddersfield Town AFC,2023-09-25T19:00:00Z
Regular,9,Fri Sep 29 2023,20:00,BST / UTC+0100,Sheffield Wednesday FC,0-3,0-3,Sunderland AFC,2023-09-29T19:00:00Z
Regular,9,Sat Sep 30 2023,12:30,BST / UTC+0100,Southampton FC,3-1,3-0,Leeds United FC,2023-09-30T11:30:00Z
Regular,9,Sat Sep 30 2023,15:00,BST / UTC+0100,Millwall FC,0-3,0-1,Swansea City AFC,2023-09-30T14:00:00Z
Regular,9,Sat Sep 30 2023,15:00,BST / UTC+0100,Bristol City FC,2-3,2-1,Stoke City FC,2023-09-30T14:00:00Z
Regular,9,Sat Sep 30 2023,15:00,BST / UTC+0100,Cardiff City FC,2-0,0-0,Rotherham United FC,2023-09-30T14:00:00Z
Regular,9,Sat Sep 30 2023,15:00,BST / UTC+0100,Watford FC,2-3,1-2,Middlesbrough FC,2023-09-30T14:00:00Z
Regular,9,Sat Sep 30 2023,15:00,BST / UTC+0100,Huddersfield Town AFC,1-1,0-0,Ipswich Town FC,2023-09-30T14:00:00Z
Regular,9,Sat Sep 30 2023,15:00,BST / UTC+0100,Hull City AFC,1-1,1-1,Plymouth Argyle FC,2023-09-30T14:00:00Z
Regular,9,Sat Sep 30 2023,15:00,BST / UTC+0100,Norwich City FC,2-0,0-0,Birmingham City FC,2023-09-30T14:00:00Z
Regular,9,Sat Sep 30 2023,15:00,BST / UTC+0100,Preston North End FC,0-4,0-2,West Bromwich Albion FC,2023-09-30T14:00:00Z
Regular,9,Sat Sep 30 2023,15:00,BST / UTC+0100,Queens Park Rangers FC,1-3,0-0,Coventry City FC,2023-09-30T14:00:00Z
Regular,9,Sun Oct 1 2023,12:00,BST / UTC+0100,Blackburn Rovers FC,1-4,1-2,Leicester City FC,2023-10-01T11:00:00Z
Regular,10,Tue Oct 3 2023,19:45,BST / UTC+0100,Birmingham City FC,4-1,2-0,Huddersfield Town AFC,2023-10-03T18:45:00Z
Regular,10,Tue Oct 3 2023,19:45,BST / UTC+0100,Middlesbrough FC,2-0,0-0,Cardiff City FC,2023-10-03T18:45:00Z
Regular,10,Tue Oct 3 2023,19:45,BST / UTC+0100,Ipswich Town FC,3-0,2-0,Hull City AFC,2023-10-03T18:45:00Z
Regular,10,Tue Oct 3 2023,19:45,BST / UTC+0100,Plymouth Argyle FC,0-2,0-0,Millwall FC,2023-10-03T18:45:00Z
Regular,10,Tue Oct 3 2023,20:00,BST / UTC+0100,Stoke City FC,0-1,0-1,Southampton FC,2023-10-03T19:00:00Z
Regular,10,Tue Oct 3 2023,20:00,BST / UTC+0100,West Bromwich Albion FC,1-0,1-0,Sheffield Wednesday FC,2023-10-03T19:00:00Z
Regular,10,Wed Oct 4 2023,19:45,BST / UTC+0100,Sunderland AFC,2-0,1-0,Watford FC,2023-10-04T18:45:00Z
Regular,10,Wed Oct 4 2023,19:45,BST / UTC+0100,Coventry City FC,1-0,0-0,Blackburn Rovers FC,2023-10-04T18:45:00Z
Regular,10,Wed Oct 4 2023,19:45,BST / UTC+0100,Leeds United FC,1-0,1-0,Queens Park Rangers FC,2023-10-04T18:45:00Z
Regular,10,Wed Oct 4 2023,19:45,BST / UTC+0100,Leicester City FC,3-0,0-0,Preston North End FC,2023-10-04T18:45:00Z
Regular,10,Wed Oct 4 2023,19:45,BST / UTC+0100,Swansea City AFC,2-1,1-1,Norwich City FC,2023-10-04T18:45:00Z
Regular,10,Wed Oct 4 2023,20:00,BST / UTC+0100,Rotherham United FC,1-2,0-0,Bristol City FC,2023-10-04T19:00:00Z
Regular,11,Fri Oct 6 2023,20:00,BST / UTC+0100,Birmingham City FC,3-1,2-1,West Bromwich Albion FC,2023-10-06T19:00:00Z
Regular,11,Sat Oct 7 2023,12:30,BST / UTC+0100,Sunderland AFC,0-4,0-0,Middlesbrough FC,2023-10-07T11:30:00Z
Regular,11,Sat Oct 7 2023,15:00,BST / UTC+0100,Cardiff City FC,1-1,1-0,Watford FC,2023-10-07T14:00:00Z
Regular,11,Sat Oct 7 2023,15:00,BST / UTC+0100,Coventry City FC,1-1,0-1,Norwich City FC,2023-10-07T14:00:00Z
Regular,11,Sat Oct 7 2023,15:00,BST / UTC+0100,Millwall FC,2-2,1-2,Hull City AFC,2023-10-07T14:00:00Z
Regular,11,Sat Oct 7 2023,15:00,BST / UTC+0100,Southampton FC,1-1,1-0,Rotherham United FC,2023-10-07T14:00:00Z
Regular,11,Sat Oct 7 2023,15:00,BST / UTC+0100,Ipswich Town FC,4-2,3-1,Preston North End FC,2023-10-07T14:00:00Z
Regular,11,Sat Oct 7 2023,15:00,BST / UTC+0100,Leeds United FC,2-1,1-1,Bristol City FC,2023-10-07T14:00:00Z
Regular,11,Sat Oct 7 2023,15:00,BST / UTC+0100,Leicester City FC,2-0,1-0,Stoke City FC,2023-10-07T14:00:00Z
Regular,11,Sat Oct 7 2023,15:00,BST / UTC+0100,Plymouth Argyle FC,1-3,1-0,Swansea City AFC,2023-10-07T14:00:00Z
Regular,11,Sat Oct 7 2023,15:00,BST / UTC+0100,Queens Park Rangers FC,0-4,0-2,Blackburn Rovers FC,2023-10-07T14:00:00Z
Regular,11,Sat Oct 7 2023,15:00,BST / UTC+0100,Sheffield Wednesday FC,0-0,0-0,Huddersfield Town AFC,2023-10-07T14:00:00Z
Regular,12,Sat Oct 21 2023,12:30,BST / UTC+0100,Preston North End FC,1-1,1-1,Millwall FC,2023-10-21T11:30:00Z
Regular,12,Sat Oct 21 2023,15:00,BST / UTC+0100,Blackburn Rovers FC,1-0,0-0,Cardiff City FC,2023-10-21T14:00:00Z
Regular,12,Sat Oct 21 2023,15:00,BST / UTC+0100,Bristol City FC,1-0,1-0,Coventry City FC,2023-10-21T14:00:00Z
Regular,12,Sat Oct 21 2023,15:00,BST / UTC+0100,Middlesbrough FC,1-0,0-0,Birmingham City FC,2023-10-21T14:00:00Z
Regular,12,Sat Oct 21 2023,15:00,BST / UTC+0100,Watford FC,1-0,0-0,Sheffield Wednesday FC,2023-10-21T14:00:00Z
Regular,12,Sat Oct 21 2023,15:00,BST / UTC+0100,Huddersfield Town AFC,2-1,2-1,Queens Park Rangers FC,2023-10-21T14:00:00Z
Regular,12,Sat Oct 21 2023,15:00,BST / UTC+0100,Hull City AFC,1-2,1-1,Southampton FC,2023-10-21T14:00:00Z
Regular,12,Sat Oct 21 2023,15:00,BST / UTC+0100,Norwich City FC,2-3,2-0,Leeds United FC,2023-10-21T14:00:00Z
Regular,12,Sat Oct 21 2023,15:00,BST / UTC+0100,Stoke City FC,2-1,1-1,Sunderland AFC,2023-10-21T14:00:00Z
Regular,12,Sat Oct 21 2023,15:00,BST / UTC+0100,Swansea City AFC,1-3,1-1,Leicester City FC,2023-10-21T14:00:00Z
Regular,12,Sat Oct 21 2023,15:00,BST / UTC+0100,West Bromwich Albion FC,0-0,0-0,Plymouth Argyle FC,2023-10-21T14:00:00Z
Regular,13,Tue Oct 24 2023,19:45,BST / UTC+0100,Millwall FC,1-2,1-1,Blackburn Rovers FC,2023-10-24T18:45:00Z
Regular,13,Tue Oct 24 2023,19:45,BST / UTC+0100,Huddersfield Town AFC,0-4,0-3,Cardiff City FC,2023-10-24T18:45:00Z
Regular,13,Tue Oct 24 2023,19:45,BST / UTC+0100,Norwich City FC,1-2,0-0,Middlesbrough FC,2023-10-24T18:45:00Z
Regular,13,Tue Oct 24 2023,19:45,BST / UTC+0100,Swansea City AFC,0-1,0-0,Watford FC,2023-10-24T18:45:00Z
Regular,13,Tue Oct 24 2023,20:00,BST / UTC+0100,Leicester City FC,1-0,1-0,Sunderland AFC,2023-10-24T19:00:00Z
Regular,13,Tue Oct 24 2023,20:00,BST / UTC+0100,West Bromwich Albion FC,2-0,0-0,Queens Park Rangers FC,2023-10-24T19:00:00Z
Regular,13,Wed Oct 25 2023,19:45,BST / UTC+0100,Birmingham City FC,0-2,0-1,Hull City AFC,2023-10-25T18:45:00Z
Regular,13,Wed Oct 25 2023,19:45,BST / UTC+0100,Bristol City FC,0-1,0-1,Ipswich Town FC,2023-10-25T18:45:00Z
Regular,13,Wed Oct 25 2023,19:45,BST / UTC+0100,Plymouth Argyle FC,3-0,2-0,Sheffield Wednesday FC,2023-10-25T18:45:00Z
Regular,13,Wed Oct 25 2023,19:45,BST / UTC+0100,Preston North End FC,2-2,0-1,Southampton FC,2023-10-25T18:45:00Z
Regular,13,Wed Oct 25 2023,19:45,BST / UTC+0100,Rotherham United FC,2-0,0-0,Coventry City FC,2023-10-25T18:45:00Z
Regular,13,Wed Oct 25 2023,20:00,BST / UTC+0100,Stoke City FC,1-0,0-0,Leeds United FC,2023-10-25T19:00:00Z
Regular,14,Sat Oct 28 2023,12:30,BST / UTC+0100,Southampton FC,3-1,2-0,Birmingham City FC,2023-10-28T11:30:00Z
Regular,14,Sat Oct 28 2023,12:30,BST / UTC+0100,Leeds United FC,4-1,4-0,Huddersfield Town AFC,2023-10-28T11:30:00Z
Regular,14,Sat Oct 28 2023,15:00,BST / UTC+0100,Sunderland AFC,3-1,2-1,Norwich City FC,2023-10-28T14:00:00Z
Regular,14,Sat Oct 28 2023,15:00,BST / UTC+0100,Blackburn Rovers FC,0-1,0-1,Swansea City AFC,2023-10-28T14:00:00Z
Regular,14,Sat Oct 28 2023,15:00,BST / UTC+0100,Cardiff City FC,2-0,1-0,Bristol City FC,2023-10-28T14:00:00Z
Regular,14,Sat Oct 28 2023,15:00,BST / UTC+0100,Middlesbrough FC,0-2,0-2,Stoke City FC,2023-10-28T14:00:00Z
Regular,14,Sat Oct 28 2023,15:00,BST / UTC+0100,Watford FC,2-2,1-1,Millwall FC,2023-10-28T14:00:00Z
Regular,14,Sat Oct 28 2023,15:00,BST / UTC+0100,Hull City AFC,1-0,0-0,Preston North End FC,2023-10-28T14:00:00Z
Regular,14,Sat Oct 28 2023,15:00,BST / UTC+0100,Ipswich Town FC,3-2,1-1,Plymouth Argyle FC,2023-10-28T14:00:00Z
Regular,14,Sat Oct 28 2023,15:00,BST / UTC+0100,Queens Park Rangers FC,1-2,1-1,Leicester City FC,2023-10-28T14:00:00Z
Regular,14,Sun Oct 29 2023,13:00,GMT / UTC+0000,Sheffield Wednesday FC,2-0,2-0,Rotherham United FC,2023-10-29T13:00:00Z
Regular,14,Mon Oct 30 2023,20:00,GMT / UTC+0000,Coventry City FC,0-2,0-1,West Bromwich Albion FC,2023-10-30T20:00:00Z
Regular,15,Fri Nov 3 2023,20:00,GMT / UTC+0000,Leicester City FC,0-1,0-0,Leeds United FC,2023-11-03T20:00:00Z
Regular,15,Sat Nov 4 2023,15:00,GMT / UTC+0000,Birmingham City FC,2-2,1-0,Ipswich Town FC,2023-11-04T15:00:00Z
Regular,15,Sat Nov 4 2023,15:00,GMT / UTC+0000,Bristol City FC,1-0,0-0,Sheffield Wednesday FC,2023-11-04T15:00:00Z
Regular,15,Sat Nov 4 2023,15:00,GMT / UTC+0000,Millwall FC,0-1,0-0,Southampton FC,2023-11-04T15:00:00Z
Regular,15,Sat Nov 4 2023,15:00,GMT / UTC+0000,Huddersfield Town AFC,0-0,0-0,Watford FC,2023-11-04T15:00:00Z
Regular,15,Sat Nov 4 2023,15:00,GMT / UTC+0000,Plymouth Argyle FC,3-3,2-1,Middlesbrough FC,2023-11-04T15:00:00Z
Regular,15,Sat Nov 4 2023,15:00,GMT / UTC+0000,Preston North End FC,3-2,2-1,Coventry City FC,2023-11-04T15:00:00Z
Regular,15,Sat Nov 4 2023,15:00,GMT / UTC+0000,Rotherham United FC,1-1,0-0,Queens Park Rangers FC,2023-11-04T15:00:00Z
Regular,15,Sat Nov 4 2023,15:00,GMT / UTC+0000,Stoke City FC,0-0,0-0,Cardiff City FC,2023-11-04T15:00:00Z
Regular,15,Sat Nov 4 2023,15:00,GMT / UTC+0000,Swansea City AFC,0-0,0-0,Sunderland AFC,2023-11-04T15:00:00Z
Regular,15,Sat Nov 4 2023,15:00,GMT / UTC+0000,West Bromwich Albion FC,3-1,1-1,Hull City AFC,2023-11-04T15:00:00Z
Regular,15,Sun Nov 5 2023,12:00,GMT / UTC+0000,Norwich City FC,1-3,0-2,Blackburn Rovers FC,2023-11-05T12:00:00Z
Regular,12,Tue Nov 7 2023,20:00,GMT / UTC+0000,Rotherham United FC,2-2,1-1,Ipswich Town FC,2023-11-07T20:00:00Z
Regular,16,Fri Nov 10 2023,20:00,GMT / UTC+0000,Blackburn Rovers FC,1-2,0-1,Preston North End FC,2023-11-10T20:00:00Z
Regular,16,Sat Nov 11 2023,12:30,GMT / UTC+0000,Sunderland AFC,3-1,1-1,Birmingham City FC,2023-11-11T12:30:00Z
Regular,16,Sat Nov 11 2023,15:00,GMT / UTC+0000,Cardiff City FC,2-3,2-1,Norwich City FC,2023-11-11T15:00:00Z
Regular,16,Sat Nov 11 2023,15:00,GMT / UTC+0000,Coventry City FC,0-0,0-0,Stoke City FC,2023-11-11T15:00:00Z
Regular,16,Sat Nov 11 2023,15:00,GMT / UTC+0000,Middlesbrough FC,1-0,0-0,Leicester City FC,2023-11-11T15:00:00Z
Regular,16,Sat Nov 11 2023,15:00,GMT / UTC+0000,Southampton FC,2-1,1-0,West Bromwich Albion FC,2023-11-11T15:00:00Z
Regular,16,Sat Nov 11 2023,15:00,GMT / UTC+0000,Watford FC,5-0,2-0,Rotherham United FC,2023-11-11T15:00:00Z
Regular,16,Sat Nov 11 2023,15:00,GMT / UTC+0000,Hull City AFC,1-0,0-0,Huddersfield Town AFC,2023-11-11T15:00:00Z
Regular,16,Sat Nov 11 2023,15:00,GMT / UTC+0000,Ipswich Town FC,3-2,2-1,Swansea City AFC,2023-11-11T15:00:00Z
Regular,16,Sat Nov 11 2023,15:00,GMT / UTC+0000,Leeds United FC,2-1,2-0,Plymouth Argyle FC,2023-11-11T15:00:00Z
Regular,16,Sat Nov 11 2023,15:00,GMT / UTC+0000,Queens Park Rangers FC,0-0,0-0,Bristol City FC,2023-11-11T15:00:00Z
Regular,16,Sat Nov 11 2023,15:00,GMT / UTC+0000,Sheffield Wednesday FC,0-4,0-2,Millwall FC,2023-11-11T15:00:00Z
Regular,17,Fri Nov 24 2023,20:00,GMT / UTC+0000,Rotherham United FC,1-1,1-1,Leeds United FC,2023-11-24T20:00:00Z
Regular,17,Sat Nov 25 2023,15:00,GMT / UTC+0000,Birmingham City FC,2-1,1-1,Sheffield Wednesday FC,2023-11-25T15:00:00Z
Regular,17,Sat Nov 25 2023,15:00,GMT / UTC+0000,Bristol City FC,3-2,2-0,Middlesbrough FC,2023-11-25T15:00:00Z
Regular,17,Sat Nov 25 2023,15:00,GMT / UTC+0000,Millwall FC,0-3,0-1,Coventry City FC,2023-11-25T15:00:00Z
Regular,17,Sat Nov 25 2023,15:00,GMT / UTC+0000,Huddersfield Town AFC,1-1,0-1,Southampton FC,2023-11-25T15:00:00Z
Regular,17,Sat Nov 25 2023,15:00,GMT / UTC+0000,Leicester City FC,2-0,0-0,Watford FC,2023-11-25T15:00:00Z
Regular,17,Sat Nov 25 2023,15:00,GMT / UTC+0000,Norwich City FC,1-0,1-0,Queens Park Rangers FC,2023-11-25T15:00:00Z
Regular,17,Sat Nov 25 2023,15:00,GMT / UTC+0000,Plymouth Argyle FC,2-0,2-0,Sunderland AFC,2023-11-25T15:00:00Z
Regular,17,Sat Nov 25 2023,15:00,GMT / UTC+0000,Preston North End FC,1-2,0-0,Cardiff City FC,2023-11-25T15:00:00Z
Regular,17,Sat Nov 25 2023,15:00,GMT / UTC+0000,Stoke City FC,0-3,0-1,Blackburn Rovers FC,2023-11-25T15:00:00Z
Regular,17,Sat Nov 25 2023,15:00,GMT / UTC+0000,Swansea City AFC,2-2,2-0,Hull City AFC,2023-11-25T15:00:00Z
Regular,17,Sat Nov 25 2023,17:30,GMT / UTC+0000,West Bromwich Albion FC,2-0,1-0,Ipswich Town FC,2023-11-25T17:30:00Z
Regular,18,Tue Nov 28 2023,19:45,GMT / UTC+0000,Cardiff City FC,0-1,0-0,West Bromwich Albion FC,2023-11-28T19:45:00Z
Regular,18,Tue Nov 28 2023,19:45,GMT / UTC+0000,Coventry City FC,1-0,0-0,Plymouth Argyle FC,2023-11-28T19:45:00Z
Regular,18,Tue Nov 28 2023,19:45,GMT / UTC+0000,Middlesbrough FC,4-0,3-0,Preston North End FC,2023-11-28T19:45:00Z
Regular,18,Tue Nov 28 2023,19:45,GMT / UTC+0000,Hull City AFC,4-1,3-0,Rotherham United FC,2023-11-28T19:45:00Z
Regular,18,Tue Nov 28 2023,19:45,GMT / UTC+0000,Queens Park Rangers FC,4-2,1-1,Stoke City FC,2023-11-28T19:45:00Z
Regular,18,Tue Nov 28 2023,20:00,GMT / UTC+0000,Watford FC,3-2,2-2,Norwich City FC,2023-11-28T20:00:00Z
Regular,18,Wed Nov 29 2023,19:45,GMT / UTC+0000,Sunderland AFC,1-2,1-1,Huddersfield Town AFC,2023-11-29T19:45:00Z
Regular,18,Wed Nov 29 2023,19:45,GMT / UTC+0000,Blackburn Rovers FC,4-2,0-0,Birmingham City FC,2023-11-29T19:45:00Z
Regular,18,Wed Nov 29 2023,19:45,GMT / UTC+0000,Southampton FC,1-0,0-0,Bristol City FC,2023-11-29T19:45:00Z
Regular,18,Wed Nov 29 2023,19:45,GMT / UTC+0000,Leeds United FC,3-1,2-1,Swansea City AFC,2023-11-29T19:45:00Z
Regular,18,Wed Nov 29 2023,19:45,GMT / UTC+0000,Sheffield Wednesday FC,1-1,0-1,Leicester City FC,2023-11-29T19:45:00Z
Regular,18,Wed Nov 29 2023,20:00,GMT / UTC+0000,Ipswich Town FC,3-1,3-0,Millwall FC,2023-11-29T20:00:00Z
Regular,19,Fri Dec 1 2023,20:00,GMT / UTC+0000,Preston North End FC,0-2,0-0,Queens Park Rangers FC,2023-12-01T20:00:00Z
Regular,19,Sat Dec 2 2023,12:30,GMT / UTC+0000,West Bromwich Albion FC,1-2,0-0,Leicester City FC,2023-12-02T12:30:00Z
Regular,19,Sat Dec 2 2023,15:00,GMT / UTC+0000,Birmingham City FC,0-0,0-0,Rotherham United FC,2023-12-02T15:00:00Z
Regular,19,Sat Dec 2 2023,15:00,GMT / UTC+0000,Millwall FC,1-1,1-0,Sunderland AFC,2023-12-02T15:00:00Z
Regular,19,Sat Dec 2 2023,15:00,GMT / UTC+0000,Southampton FC,2-0,2-0,Cardiff City FC,2023-12-02T15:00:00Z
Regular,19,Sat Dec 2 2023,15:00,GMT / UTC+0000,Hull City AFC,1-2,1-1,Watford FC,2023-12-02T15:00:00Z
Regular,19,Sat Dec 2 2023,15:00,GMT / UTC+0000,Ipswich Town FC,2-1,2-0,Coventry City FC,2023-12-02T15:00:00Z
Regular,19,Sat Dec 2 2023,15:00,GMT / UTC+0000,Leeds United FC,3-2,3-2,Middlesbrough FC,2023-12-02T15:00:00Z
Regular,19,Sat Dec 2 2023,15:00,GMT / UTC+0000,Plymouth Argyle FC,2-1,1-1,Stoke City FC,2023-12-02T15:00:00Z
Regular,19,Sat Dec 2 2023,15:00,GMT / UTC+0000,Sheffield Wednesday FC,3-1,1-0,Blackburn Rovers FC,2023-12-02T15:00:00Z
Regular,19,Sat Dec 2 2023,15:00,GMT / UTC+0000,Swansea City AFC,1-1,0-1,Huddersfield Town AFC,2023-12-02T15:00:00Z
Regular,19,Sun Dec 3 2023,13:30,GMT / UTC+0000,Bristol City FC,1-2,1-0,Norwich City FC,2023-12-03T13:30:00Z
Regular,20,Fri Dec 8 2023,20:00,GMT / UTC+0000,Coventry City FC,2-0,1-0,Birmingham City FC,2023-12-08T20:00:00Z
Regular,20,Sat Dec 9 2023,12:30,GMT / UTC+0000,Sunderland AFC,2-1,0-0,West Bromwich Albion FC,2023-12-09T12:30:00Z
Regular,20,Sat Dec 9 2023,12:30,GMT / UTC+0000,Blackburn Rovers FC,0-2,0-1,Leeds United FC,2023-12-09T12:30:00Z
Regular,20,Sat Dec 9 2023,15:00,GMT / UTC+0000,Cardiff City FC,1-0,0-0,Millwall FC,2023-12-09T15:00:00Z
Regular,20,Sat Dec 9 2023,15:00,GMT / UTC+0000,Middlesbrough FC,0-2,0-1,Ipswich Town FC,2023-12-09T15:00:00Z
Regular,20,Sat Dec 9 2023,15:00,GMT / UTC+0000,Watford FC,1-1,0-0,Southampton FC,2023-12-09T15:00:00Z
Regular,20,Sat Dec 9 2023,15:00,GMT / UTC+0000,Huddersfield Town AFC,1-1,1-0,Bristol City FC,2023-12-09T15:00:00Z
Regular,20,Sat Dec 9 2023,15:00,GMT / UTC+0000,Leicester City FC,4-0,1-0,Plymouth Argyle FC,2023-12-09T15:00:00Z
Regular,20,Sat Dec 9 2023,15:00,GMT / UTC+0000,Norwich City FC,0-0,0-0,Preston North End FC,2023-12-09T15:00:00Z
Regular,20,Sat Dec 9 2023,15:00,GMT / UTC+0000,Queens Park Rangers FC,2-0,1-0,Hull City AFC,2023-12-09T15:00:00Z
Regular,20,Sat Dec 9 2023,15:00,GMT / UTC+0000,Rotherham United FC,1-2,0-1,Swansea City AFC,2023-12-09T15:00:00Z
Regular,20,Sat Dec 9 2023,15:00,GMT / UTC+0000,Stoke City FC,0-1,0-0,Sheffield Wednesday FC,2023-12-09T15:00:00Z
Regular,21,Tue Dec 12 2023,19:45,GMT / UTC+0000,Blackburn Rovers FC,2-1,1-0,Bristol City FC,2023-12-12T19:45:00Z
Regular,21,Tue Dec 12 2023,19:45,GMT / UTC+0000,Watford FC,1-2,1-1,Ipswich Town FC,2023-12-12T19:45:00Z
Regular,21,Tue Dec 12 2023,19:45,GMT / UTC+0000,Huddersfield Town AFC,1-3,0-2,Preston North End FC,2023-12-12T19:45:00Z
Regular,21,Tue Dec 12 2023,19:45,GMT / UTC+0000,Rotherham United FC,0-2,0-0,West Bromwich Albion FC,2023-12-12T19:45:00Z
Regular,21,Tue Dec 12 2023,19:45,GMT / UTC+0000,Stoke City FC,1-1,0-0,Swansea City AFC,2023-12-12T19:45:00Z
Regular,21,Tue Dec 12 2023,20:00,GMT / UTC+0000,Sunderland AFC,1-0,0-0,Leeds United FC,2023-12-12T20:00:00Z
Regular,21,Wed Dec 13 2023,19:45,GMT / UTC+0000,Cardiff City FC,0-1,0-1,Birmingham City FC,2023-12-13T19:45:00Z
Regular,21,Wed Dec 13 2023,19:45,GMT / UTC+0000,Coventry City FC,1-1,0-0,Southampton FC,2023-12-13T19:45:00Z
Regular,21,Wed Dec 13 2023,19:45,GMT / UTC+0000,Leicester City FC,3-2,0-1,Millwall FC,2023-12-13T19:45:00Z
Regular,21,Wed Dec 13 2023,19:45,GMT / UTC+0000,Norwich City FC,3-1,1-1,Sheffield Wednesday FC,2023-12-13T19:45:00Z
Regular,21,Wed Dec 13 2023,19:45,GMT / UTC+0000,Queens Park Rangers FC,0-0,0-0,Plymouth Argyle FC,2023-12-13T19:45:00Z
Regular,21,Wed Dec 13 2023,20:00,GMT / UTC+0000,Middlesbrough FC,1-2,1-0,Hull City AFC,2023-12-13T20:00:00Z
Regular,22,Sat Dec 16 2023,12:30,GMT / UTC+0000,Ipswich Town FC,2-2,1-1,Norwich City FC,2023-12-16T12:30:00Z
Regular,22,Sat Dec 16 2023,15:00,GMT / UTC+0000,Bristol City FC,1-0,1-0,Sunderland AFC,2023-12-16T15:00:00Z
Regular,22,Sat Dec 16 2023,15:00,GMT / UTC+0000,Millwall FC,1-1,0-0,Huddersfield Town AFC,2023-12-16T15:00:00Z
Regular,22,Sat Dec 16 2023,15:00,GMT / UTC+0000,Southampton FC,4-0,1-0,Blackburn Rovers FC,2023-12-16T15:00:00Z
Regular,22,Sat Dec 16 2023,15:00,GMT / UTC+0000,Hull City AFC,3-0,1-0,Cardiff City FC,2023-12-16T15:00:00Z
Regular,22,Sat Dec 16 2023,15:00,GMT / UTC+0000,Leeds United FC,1-1,0-0,Coventry City FC,2023-12-16T15:00:00Z
Regular,22,Sat Dec 16 2023,15:00,GMT / UTC+0000,Plymouth Argyle FC,3-2,1-1,Rotherham United FC,2023-12-16T15:00:00Z
Regular,22,Sat Dec 16 2023,15:00,GMT / UTC+0000,Preston North End FC,1-5,1-1,Watford FC,2023-12-16T15:00:00Z
Regular,22,Sat Dec 16 2023,15:00,GMT / UTC+0000,Sheffield Wednesday FC,2-1,0-1,Queens Park Rangers FC,2023-12-16T15:00:00Z
Regular,22,Sat Dec 16 2023,15:00,GMT / UTC+0000,Swansea City AFC,1-2,0-1,Middlesbrough FC,2023-12-16T15:00:00Z
Regular,22,Sun Dec 17 2023,12:00,GMT / UTC+0000,West Bromwich Albion FC,1-1,1-1,Stoke City FC,2023-12-17T12:00:00Z
Regular,22,Mon Dec 18 2023,20:00,GMT / UTC+0000,Birmingham City FC,2-3,1-2,Leicester City FC,2023-12-18T20:00:00Z
Regular,23,Fri Dec 22 2023,19:45,GMT / UTC+0000,Bristol City FC,3-2,1-2,Hull City AFC,2023-12-22T19:45:00Z
Regular,23,Fri Dec 22 2023,19:45,GMT / UTC+0000,Swansea City AFC,2-1,0-0,Preston North End FC,2023-12-22T19:45:00Z
Regular,23,Sat Dec 23 2023,12:30,GMT / UTC+0000,Leeds United FC,4-0,3-0,Ipswich Town FC,2023-12-23T12:30:00Z
Regular,23,Sat Dec 23 2023,15:00,GMT / UTC+0000,Sunderland AFC,0-3,0-1,Coventry City FC,2023-12-23T15:00:00Z
Regular,23,Sat Dec 23 2023,15:00,GMT / UTC+0000,Blackburn Rovers FC,1-2,1-0,Watford FC,2023-12-23T15:00:00Z
Regular,23,Sat Dec 23 2023,15:00,GMT / UTC+0000,Middlesbrough FC,1-0,1-0,West Bromwich Albion FC,2023-12-23T15:00:00Z
Regular,23,Sat Dec 23 2023,15:00,GMT / UTC+0000,Leicester City FC,3-0,0-0,Rotherham United FC,2023-12-23T15:00:00Z
Regular,23,Sat Dec 23 2023,15:00,GMT / UTC+0000,Norwich City FC,2-0,0-0,Huddersfield Town AFC,2023-12-23T15:00:00Z
Regular,23,Sat Dec 23 2023,15:00,GMT / UTC+0000,Plymouth Argyle FC,3-3,1-2,Birmingham City FC,2023-12-23T15:00:00Z
Regular,23,Sat Dec 23 2023,15:00,GMT / UTC+0000,Queens Park Rangers FC,0-1,0-1,Southampton FC,2023-12-23T15:00:00Z
Regular,23,Sat Dec 23 2023,15:00,GMT / UTC+0000,Sheffield Wednesday FC,1-2,1-0,Cardiff City FC,2023-12-23T15:00:00Z
Regular,23,Sat Dec 23 2023,15:00,GMT / UTC+0000,Stoke City FC,0-0,0-0,Millwall FC,2023-12-23T15:00:00Z
Regular,24,Tue Dec 26 2023,12:30,GMT / UTC+0000,Preston North End FC,2-1,0-0,Leeds United FC,2023-12-26T12:30:00Z
Regular,24,Tue Dec 26 2023,13:00,GMT / UTC+0000,Millwall FC,2-0,1-0,Queens Park Rangers FC,2023-12-26T13:00:00Z
Regular,24,Tue Dec 26 2023,15:00,GMT / UTC+0000,Cardiff City FC,2-2,1-1,Plymouth Argyle FC,2023-12-26T15:00:00Z
Regular,24,Tue Dec 26 2023,15:00,GMT / UTC+0000,Coventry City FC,2-0,1-0,Sheffield Wednesday FC,2023-12-26T15:00:00Z
Regular,24,Tue Dec 26 2023,15:00,GMT / UTC+0000,Southampton FC,5-0,1-0,Swansea City AFC,2023-12-26T15:00:00Z
Regular,24,Tue Dec 26 2023,15:00,GMT / UTC+0000,Watford FC,1-4,0-2,Bristol City FC,2023-12-26T15:00:00Z
Regular,24,Tue Dec 26 2023,15:00,GMT / UTC+0000,Huddersfield Town AFC,3-0,1-0,Blackburn Rovers FC,2023-12-26T15:00:00Z
Regular,24,Tue Dec 26 2023,15:00,GMT / UTC+0000,Hull City AFC,0-1,0-0,Sunderland AFC,2023-12-26T15:00:00Z
Regular,24,Tue Dec 26 2023,15:00,GMT / UTC+0000,Rotherham United FC,1-0,0-0,Middlesbrough FC,2023-12-26T15:00:00Z
Regular,24,Tue Dec 26 2023,15:00,GMT / UTC+0000,West Bromwich Albion FC,1-0,0-0,Norwich City FC,2023-12-26T15:00:00Z
Regular,24,Tue Dec 26 2023,17:15,GMT / UTC+0000,Birmingham City FC,1-3,0-2,Stoke City FC,2023-12-26T17:15:00Z
Regular,24,Tue Dec 26 2023,19:45,GMT / UTC+0000,Ipswich Town FC,1-1,0-1,Leicester City FC,2023-12-26T19:45:00Z
Regular,25,Fri Dec 29 2023,18:00,GMT / UTC+0000,Southampton FC,2-1,0-0,Plymouth Argyle FC,2023-12-29T18:00:00Z
Regular,25,Fri Dec 29 2023,19:45,GMT / UTC+0000,Birmingham City FC,0-0,0-0,Bristol City FC,2023-12-29T19:45:00Z
Regular,25,Fri Dec 29 2023,19:45,GMT / UTC+0000,Cardiff City FC,0-2,0-1,Leicester City FC,2023-12-29T19:45:00Z
Regular,25,Fri Dec 29 2023,19:45,GMT / UTC+0000,Coventry City FC,2-2,1-1,Swansea City AFC,2023-12-29T19:45:00Z
Regular,25,Fri Dec 29 2023,19:45,GMT / UTC+0000,Millwall FC,1-0,1-0,Norwich City FC,2023-12-29T19:45:00Z
Regular,25,Fri Dec 29 2023,19:45,GMT / UTC+0000,Watford FC,1-1,1-1,Stoke City FC,2023-12-29T19:45:00Z
Regular,25,Fri Dec 29 2023,19:45,GMT / UTC+0000,Huddersfield Town AFC,1-2,0-0,Middlesbrough FC,2023-12-29T19:45:00Z
Regular,25,Fri Dec 29 2023,19:45,GMT / UTC+0000,Hull City AFC,3-2,2-2,Blackburn Rovers FC,2023-12-29T19:45:00Z
Regular,25,Fri Dec 29 2023,19:45,GMT / UTC+0000,Ipswich Town FC,0-0,0-0,Queens Park Rangers FC,2023-12-29T19:45:00Z
Regular,25,Fri Dec 29 2023,19:45,GMT / UTC+0000,Preston North End FC,0-1,0-1,Sheffield Wednesday FC,2023-12-29T19:45:00Z
Regular,25,Fri Dec 29 2023,19:45,GMT / UTC+0000,Rotherham United FC,1-1,0-0,Sunderland AFC,2023-12-29T19:45:00Z
Regular,25,Fri Dec 29 2023,20:15,GMT / UTC+0000,West Bromwich Albion FC,1-0,1-0,Leeds United FC,2023-12-29T20:15:00Z
Regular,26,Mon Jan 1 2024,12:30,GMT / UTC+0000,Sunderland AFC,2-0,2-0,Preston North End FC,2024-01-01T12:30:00Z
Regular,26,Mon Jan 1 2024,15:00,GMT / UTC+0000,Blackburn Rovers FC,2-2,1-1,Rotherham United FC,2024-01-01T15:00:00Z
Regular,26,Mon Jan 1 2024,15:00,GMT / UTC+0000,Bristol City FC,0-1,0-0,Millwall FC,2024-01-01T15:00:00Z
Regular,26,Mon Jan 1 2024,15:00,GMT / UTC+0000,Middlesbrough FC,1-3,1-1,Coventry City FC,2024-01-01T15:00:00Z
Regular,26,Mon Jan 1 2024,15:00,GMT / UTC+0000,Leeds United FC,3-0,2-0,Birmingham City FC,2024-01-01T15:00:00Z
Regular,26,Mon Jan 1 2024,15:00,GMT / UTC+0000,Leicester City FC,4-1,1-0,Huddersfield Town AFC,2024-01-01T15:00:00Z
Regular,26,Mon Jan 1 2024,15:00,GMT / UTC+0000,Norwich City FC,1-1,0-0,Southampton FC,2024-01-01T15:00:00Z
Regular,26,Mon Jan 1 2024,15:00,GMT / UTC+0000,Plymouth Argyle FC,3-3,3-2,Watford FC,2024-01-01T15:00:00Z
Regular,26,Mon Jan 1 2024,15:00,GMT / UTC+0000,Queens Park Rangers FC,1-2,0-1,Cardiff City FC,2024-01-01T15:00:00Z
Regular,26,Mon Jan 1 2024,15:00,GMT / UTC+0000,Stoke City FC,0-0,0-0,Ipswich Town FC,2024-01-01T15:00:00Z
Regular,26,Mon Jan 1 2024,15:00,GMT / UTC+0000,Swansea City AFC,1-0,0-0,West Bromwich Albion FC,2024-01-01T15:00:00Z
Regular,26,Mon Jan 1 2024,17:15,GMT / UTC+0000,Sheffield Wednesday FC,3-1,0-0,Hull City AFC,2024-01-01T17:15:00Z
Regular,27,Fri Jan 12 2024,20:00,GMT / UTC+0000,Hull City AFC,1-2,0-1,Norwich City FC,2024-01-12T20:00:00Z
Regular,27,Sat Jan 13 2024,12:30,GMT / UTC+0000,Coventry City FC,3-1,0-1,Leicester City FC,2024-01-13T12:30:00Z
Regular,27,Sat Jan 13 2024,15:00,GMT / UTC+0000,Huddersfield Town AFC,1-1,1-1,Plymouth Argyle FC,2024-01-13T15:00:00Z
Regular,27,Sat Jan 13 2024,15:00,GMT / UTC+0000,Preston North End FC,2-0,0-0,Bristol City FC,2024-01-13T15:00:00Z
Regular,27,Sat Jan 13 2024,15:00,GMT / UTC+0000,Rotherham United FC,0-1,0-1,Stoke City FC,2024-01-13T15:00:00Z
Regular,27,Sat Jan 13 2024,15:00,GMT / UTC+0000,West Bromwich Albion FC,4-1,3-0,Blackburn Rovers FC,2024-01-13T15:00:00Z
Regular,27,Sat Jan 13 2024,15:00,GMT / UTC+0000,Birmingham City FC,2-2,1-1,Swansea City AFC,2024-01-13T15:00:00Z
Regular,27,Sat Jan 13 2024,15:00,GMT / UTC+0000,Cardiff City FC,0-3,0-2,Leeds United FC,2024-01-13T15:00:00Z
Regular,27,Sat Jan 13 2024,15:00,GMT / UTC+0000,Millwall FC,1-3,1-1,Middlesbrough FC,2024-01-13T15:00:00Z
Regular,27,Sat Jan 13 2024,15:00,GMT / UTC+0000,Southampton FC,4-0,1-0,Sheffield Wednesday FC,2024-01-13T15:00:00Z
Regular,27,Sat Jan 13 2024,17:30,GMT / UTC+0000,Ipswich Town FC,2-1,1-1,Sunderland AFC,2024-01-13T17:30:00Z
Regular,27,Sun Jan 14 2024,12:00,GMT / UTC+0000,Queens Park Rangers FC,1-2,0-0,Watford FC,2024-01-14T12:00:00Z
Regular,28,Fri Jan 19 2024,20:00,GMT / UTC+0000,Sunderland AFC,0-1,0-0,Hull City AFC,2024-01-19T20:00:00Z
Regular,28,Sat Jan 20 2024,12:30,GMT / UTC+0000,Swansea City AFC,1-3,1-3,Southampton FC,2024-01-20T12:30:00Z
Regular,28,Sat Jan 20 2024,15:00,GMT / UTC+0000,Blackburn Rovers FC,1-1,1-1,Huddersfield Town AFC,2024-01-20T15:00:00Z
Regular,28,Sat Jan 20 2024,15:00,GMT / UTC+0000,Bristol City FC,1-1,1-1,Watford FC,2024-01-20T15:00:00Z
Regular,28,Sat Jan 20 2024,15:00,GMT / UTC+0000,Middlesbrough FC,1-1,0-0,Rotherham United FC,2024-01-20T15:00:00Z
Regular,28,Sat Jan 20 2024,15:00,GMT / UTC+0000,Norwich City FC,2-0,1-0,West Bromwich Albion FC,2024-01-20T15:00:00Z
Regular,28,Sat Jan 20 2024,15:00,GMT / UTC+0000,Plymouth Argyle FC,3-1,1-1,Cardiff City FC,2024-01-20T15:00:00Z
Regular,28,Sat Jan 20 2024,15:00,GMT / UTC+0000,Queens Park Rangers FC,2-0,1-0,Millwall FC,2024-01-20T15:00:00Z
Regular,28,Sat Jan 20 2024,15:00,GMT / UTC+0000,Sheffield Wednesday FC,1-2,0-1,Coventry City FC,2024-01-20T15:00:00Z
Regular,28,Sat Jan 20 2024,15:00,GMT / UTC+0000,Stoke City FC,1-2,0-1,Birmingham City FC,2024-01-20T15:00:00Z
Regular,28,Sun Jan 21 2024,12:00,GMT / UTC+0000,Leeds United FC,2-1,1-1,Preston North End FC,2024-01-21T12:00:00Z
Regular,28,Mon Jan 22 2024,20:00,GMT / UTC+0000,Leicester City FC,1-1,1-0,Ipswich Town FC,2024-01-22T20:00:00Z
Regular,29,Wed Jan 24 2024,19:45,GMT / UTC+0000,Leeds United FC,1-0,1-0,Norwich City FC,2024-01-24T19:45:00Z
Regular,29,Sat Jan 27 2024,15:00,GMT / UTC+0000,Sunderland AFC,3-1,1-0,Stoke City FC,2024-01-27T15:00:00Z
Regular,29,Sat Jan 27 2024,15:00,GMT / UTC+0000,Millwall FC,1-1,1-1,Preston North End FC,2024-01-27T15:00:00Z
Regular,29,Sun Jan 28 2024,13:30,GMT / UTC+0000,Queens Park Rangers FC,1-1,0-0,Huddersfield Town AFC,2024-01-28T13:30:00Z
Regular,29,Tue Jan 30 2024,19:45,GMT / UTC+0000,Coventry City FC,2-2,1-1,Bristol City FC,2024-01-30T19:45:00Z
Regular,29,Tue Jan 30 2024,19:45,GMT / UTC+0000,Leicester City FC,3-1,1-0,Swansea City AFC,2024-01-30T19:45:00Z
Regular,29,Wed Jan 31 2024,19:45,GMT / UTC+0000,Sheffield Wednesday FC,0-0,0-0,Watford FC,2024-01-31T19:45:00Z
Regular,30,Fri Feb 2 2024,20:00,GMT / UTC+0000,Bristol City FC,0-1,0-0,Leeds United FC,2024-02-02T20:00:00Z
Regular,30,Sat Feb 3 2024,15:00,GMT / UTC+0000,Blackburn Rovers FC,1-2,0-0,Queens Park Rangers FC,2024-02-03T15:00:00Z
Regular,30,Sat Feb 3 2024,15:00,GMT / UTC+0000,Watford FC,0-1,0-1,Cardiff City FC,2024-02-03T15:00:00Z
Regular,30,Sat Feb 3 2024,15:00,GMT / UTC+0000,Huddersfield Town AFC,4-0,0-0,Sheffield Wednesday FC,2024-02-03T15:00:00Z
Regular,30,Sat Feb 3 2024,15:00,GMT / UTC+0000,Hull City AFC,1-0,1-0,Millwall FC,2024-02-03T15:00:00Z
Regular,30,Sat Feb 3 2024,15:00,GMT / UTC+0000,Norwich City FC,2-1,0-0,Coventry City FC,2024-02-03T15:00:00Z
Regular,30,Sat Feb 3 2024,15:00,GMT / UTC+0000,Preston North End FC,3-2,3-0,Ipswich Town FC,2024-02-03T15:00:00Z
Regular,30,Sat Feb 3 2024,15:00,GMT / UTC+0000,Rotherham United FC,0-2,0-2,Southampton FC,2024-02-03T15:00:00Z
Regular,30,Sat Feb 3 2024,15:00,GMT / UTC+0000,Stoke City FC,0-5,0-2,Leicester City FC,2024-02-03T15:00:00Z
Regular,30,Sat Feb 3 2024,15:00,GMT / UTC+0000,Swansea City AFC,0-1,0-1,Plymouth Argyle FC,2024-02-03T15:00:00Z
Regular,30,Sat Feb 3 2024,15:00,GMT / UTC+0000,West Bromwich Albion FC,1-0,0-0,Birmingham City FC,2024-02-03T15:00:00Z
Regular,30,Sun Feb 4 2024,12:00,GMT / UTC+0000,Middlesbrough FC,1-1,0-0,Sunderland AFC,2024-02-04T12:00:00Z
Regular,31,Fri Feb 9 2024,20:00,GMT / UTC+0000,Sheffield Wednesday FC,2-0,1-0,Birmingham City FC,2024-02-09T20:00:00Z
Regular,31,Sat Feb 10 2024,12:30,GMT / UTC+0000,Ipswich Town FC,2-2,0-1,West Bromwich Albion FC,2024-02-10T12:30:00Z
Regular,31,Sat Feb 10 2024,15:00,GMT / UTC+0000,Sunderland AFC,3-1,0-1,Plymouth Argyle FC,2024-02-10T15:00:00Z
Regular,31,Sat Feb 10 2024,15:00,GMT / UTC+0000,Blackburn Rovers FC,3-1,3-1,Stoke City FC,2024-02-10T15:00:00Z
Regular,31,Sat Feb 10 2024,15:00,GMT / UTC+0000,Cardiff City FC,0-2,0-2,Preston North End FC,2024-02-10T15:00:00Z
Regular,31,Sat Feb 10 2024,15:00,GMT / UTC+0000,Middlesbrough FC,1-2,0-2,Bristol City FC,2024-02-10T15:00:00Z
Regular,31,Sat Feb 10 2024,15:00,GMT / UTC+0000,Southampton FC,5-3,0-2,Huddersfield Town AFC,2024-02-10T15:00:00Z
Regular,31,Sat Feb 10 2024,15:00,GMT / UTC+0000,Watford FC,1-2,0-1,Leicester City FC,2024-02-10T15:00:00Z
Regular,31,Sat Feb 10 2024,15:00,GMT / UTC+0000,Hull City AFC,0-1,0-1,Swansea City AFC,2024-02-10T15:00:00Z
Regular,31,Sat Feb 10 2024,15:00,GMT / UTC+0000,Leeds United FC,3-0,1-0,Rotherham United FC,2024-02-10T15:00:00Z
Regular,31,Sat Feb 10 2024,15:00,GMT / UTC+0000,Queens Park Rangers FC,2-2,1-0,Norwich City FC,2024-02-10T15:00:00Z
Regular,31,Sun Feb 11 2024,12:00,GMT / UTC+0000,Coventry City FC,2-1,0-1,Millwall FC,2024-02-11T12:00:00Z
Regular,32,Tue Feb 13 2024,19:45,GMT / UTC+0000,Birmingham City FC,1-0,0-0,Blackburn Rovers FC,2024-02-13T19:45:00Z
Regular,32,Tue Feb 13 2024,19:45,GMT / UTC+0000,Leicester City FC,2-0,2-0,Sheffield Wednesday FC,2024-02-13T19:45:00Z
Regular,32,Tue Feb 13 2024,19:45,GMT / UTC+0000,Norwich City FC,4-2,2-1,Watford FC,2024-02-13T19:45:00Z
Regular,32,Tue Feb 13 2024,19:45,GMT / UTC+0000,Rotherham United FC,1-2,1-0,Hull City AFC,2024-02-13T19:45:00Z
Regular,32,Tue Feb 13 2024,19:45,GMT / UTC+0000,Swansea City AFC,0-4,0-3,Leeds United FC,2024-02-13T19:45:00Z
Regular,32,Tue Feb 13 2024,20:00,GMT / UTC+0000,Bristol City FC,3-1,0-0,Southampton FC,2024-02-13T20:00:00Z
Regular,32,Tue Feb 13 2024,20:00,GMT / UTC+0000,West Bromwich Albion FC,2-0,1-0,Cardiff City FC,2024-02-13T20:00:00Z
Regular,32,Wed Feb 14 2024,19:45,GMT / UTC+0000,Huddersfield Town AFC,1-0,1-0,Sunderland AFC,2024-02-14T19:45:00Z
Regular,32,Wed Feb 14 2024,19:45,GMT / UTC+0000,Plymouth Argyle FC,2-2,0-0,Coventry City FC,2024-02-14T19:45:00Z
Regular,32,Wed Feb 14 2024,19:45,GMT / UTC+0000,Preston North End FC,2-1,1-0,Middlesbrough FC,2024-02-14T19:45:00Z
Regular,32,Wed Feb 14 2024,19:45,GMT / UTC+0000,Stoke City FC,1-0,1-0,Queens Park Rangers FC,2024-02-14T19:45:00Z
Regular,32,Wed Feb 14 2024,20:00,GMT / UTC+0000,Millwall FC,0-4,0-3,Ipswich Town FC,2024-02-14T20:00:00Z
Regular,33,Fri Feb 16 2024,20:00,GMT / UTC+0000,West Bromwich Albion FC,0-2,0-1,Southampton FC,2024-02-16T20:00:00Z
Regular,33,Sat Feb 17 2024,12:30,GMT / UTC+0000,Plymouth Argyle FC,0-2,0-1,Leeds United FC,2024-02-17T12:30:00Z
Regular,33,Sat Feb 17 2024,15:00,GMT / UTC+0000,Birmingham City FC,2-1,0-1,Sunderland AFC,2024-02-17T15:00:00Z
Regular,33,Sat Feb 17 2024,15:00,GMT / UTC+0000,Bristol City FC,0-1,0-1,Queens Park Rangers FC,2024-02-17T15:00:00Z
Regular,33,Sat Feb 17 2024,15:00,GMT / UTC+0000,Millwall FC,0-2,0-2,Sheffield Wednesday FC,2024-02-17T15:00:00Z
Regular,33,Sat Feb 17 2024,15:00,GMT / UTC+0000,Huddersfield Town AFC,1-2,0-1,Hull City AFC,2024-02-17T15:00:00Z
Regular,33,Sat Feb 17 2024,15:00,GMT / UTC+0000,Leicester City FC,1-2,0-2,Middlesbrough FC,2024-02-17T15:00:00Z
Regular,33,Sat Feb 17 2024,15:00,GMT / UTC+0000,Norwich City FC,4-1,2-1,Cardiff City FC,2024-02-17T15:00:00Z
Regular,33,Sat Feb 17 2024,15:00,GMT / UTC+0000,Preston North End FC,2-2,2-2,Blackburn Rovers FC,2024-02-17T15:00:00Z
Regular,33,Sat Feb 17 2024,15:00,GMT / UTC+0000,Rotherham United FC,0-1,0-0,Watford FC,2024-02-17T15:00:00Z
Regular,33,Sat Feb 17 2024,15:00,GMT / UTC+0000,Stoke City FC,0-1,0-0,Coventry City FC,2024-02-17T15:00:00Z
Regular,33,Sat Feb 17 2024,15:00,GMT / UTC+0000,Swansea City AFC,1-2,1-2,Ipswich Town FC,2024-02-17T15:00:00Z
Regular,29,Tue Feb 20 2024,19:45,GMT / UTC+0000,Cardiff City FC,0-0,0-0,Blackburn Rovers FC,2024-02-20T19:45:00Z
Regular,29,Tue Feb 20 2024,19:45,GMT / UTC+0000,Southampton FC,1-2,0-2,Hull City AFC,2024-02-20T19:45:00Z
Regular,29,Tue Feb 20 2024,19:45,GMT / UTC+0000,Ipswich Town FC,4-3,3-1,Rotherham United FC,2024-02-20T19:45:00Z
Regular,29,Tue Feb 20 2024,19:45,GMT / UTC+0000,Plymouth Argyle FC,0-3,0-0,West Bromwich Albion FC,2024-02-20T19:45:00Z
Regular,34,Fri Feb 23 2024,19:45,GMT / UTC+0000,Coventry City FC,0-3,0-3,Preston North End FC,2024-02-23T19:45:00Z
Regular,34,Fri Feb 23 2024,20:00,GMT / UTC+0000,Leeds United FC,3-1,0-1,Leicester City FC,2024-02-23T20:00:00Z
Regular,34,Sat Feb 24 2024,12:30,GMT / UTC+0000,Hull City AFC,1-1,1-1,West Bromwich Albion FC,2024-02-24T12:30:00Z
Regular,34,Sat Feb 24 2024,15:00,GMT / UTC+0000,Sunderland AFC,1-2,0-2,Swansea City AFC,2024-02-24T15:00:00Z
Regular,34,Sat Feb 24 2024,15:00,GMT / UTC+0000,Blackburn Rovers FC,1-1,0-1,Norwich City FC,2024-02-24T15:00:00Z
Regular,34,Sat Feb 24 2024,15:00,GMT / UTC+0000,Cardiff City FC,2-1,2-1,Stoke City FC,2024-02-24T15:00:00Z
Regular,34,Sat Feb 24 2024,15:00,GMT / UTC+0000,Middlesbrough FC,0-2,0-2,Plymouth Argyle FC,2024-02-24T15:00:00Z
Regular,34,Sat Feb 24 2024,15:00,GMT / UTC+0000,Southampton FC,1-2,1-2,Millwall FC,2024-02-24T15:00:00Z
Regular,34,Sat Feb 24 2024,15:00,GMT / UTC+0000,Watford FC,1-2,0-0,Huddersfield Town AFC,2024-02-24T15:00:00Z
Regular,34,Sat Feb 24 2024,15:00,GMT / UTC+0000,Ipswich Town FC,3-1,1-1,Birmingham City FC,2024-02-24T15:00:00Z
Regular,34,Sat Feb 24 2024,15:00,GMT / UTC+0000,Queens Park Rangers FC,2-1,0-1,Rotherham United FC,2024-02-24T15:00:00Z
Regular,34,Sat Feb 24 2024,15:00,GMT / UTC+0000,Sheffield Wednesday FC,2-1,2-1,Bristol City FC,2024-02-24T15:00:00Z
Regular,35,Fri Mar 1 2024,20:00,GMT / UTC+0000,West Bromwich Albion FC,2-1,2-0,Coventry City FC,2024-03-01T20:00:00Z
Regular,35,Sat Mar 2 2024,12:30,GMT / UTC+0000,Bristol City FC,0-1,0-0,Cardiff City FC,2024-03-02T12:30:00Z
Regular,35,Sat Mar 2 2024,12:30,GMT / UTC+0000,Huddersfield Town AFC,1-1,1-0,Leeds United FC,2024-03-02T12:30:00Z
Regular,35,Sat Mar 2 2024,15:00,GMT / UTC+0000,Birmingham City FC,3-4,2-1,Southampton FC,2024-03-02T15:00:00Z
Regular,35,Sat Mar 2 2024,15:00,GMT / UTC+0000,Millwall FC,1-0,1-0,Watford FC,2024-03-02T15:00:00Z
Regular,35,Sat Mar 2 2024,15:00,GMT / UTC+0000,Leicester City FC,1-2,0-1,Queens Park Rangers FC,2024-03-02T15:00:00Z
Regular,35,Sat Mar 2 2024,15:00,GMT / UTC+0000,Norwich City FC,1-0,0-0,Sunderland AFC,2024-03-02T15:00:00Z
Regular,35,Sat Mar 2 2024,15:00,GMT / UTC+0000,Plymouth Argyle FC,0-2,0-0,Ipswich Town FC,2024-03-02T15:00:00Z
Regular,35,Sat Mar 2 2024,15:00,GMT / UTC+0000,Preston North End FC,0-0,0-0,Hull City AFC,2024-03-02T15:00:00Z
Regular,35,Sat Mar 2 2024,15:00,GMT / UTC+0000,Rotherham United FC,0-1,0-0,Sheffield Wednesday FC,2024-03-02T15:00:00Z
Regular,35,Sat Mar 2 2024,15:00,GMT / UTC+0000,Stoke City FC,2-0,1-0,Middlesbrough FC,2024-03-02T15:00:00Z
Regular,35,Sat Mar 2 2024,15:00,GMT / UTC+0000,Swansea City AFC,2-1,2-0,Blackburn Rovers FC,2024-03-02T15:00:00Z
Regular,36,Tue Mar 5 2024,19:45,GMT / UTC+0000,Sunderland AFC,0-1,0-1,Leicester City FC,2024-03-05T19:45:00Z
Regular,36,Tue Mar 5 2024,19:45,GMT / UTC+0000,Blackburn Rovers FC,1-1,0-0,Millwall FC,2024-03-05T19:45:00Z
Regular,36,Tue Mar 5 2024,19:45,GMT / UTC+0000,Coventry City FC,5-0,4-0,Rotherham United FC,2024-03-05T19:45:00Z
Regular,36,Tue Mar 5 2024,19:45,GMT / UTC+0000,Hull City AFC,1-1,1-0,Birmingham City FC,2024-03-05T19:45:00Z
Regular,36,Tue Mar 5 2024,19:45,GMT / UTC+0000,Leeds United FC,1-0,1-0,Stoke City FC,2024-03-05T19:45:00Z
Regular,36,Tue Mar 5 2024,19:45,GMT / UTC+0000,Sheffield Wednesday FC,1-0,0-0,Plymouth Argyle FC,2024-03-05T19:45:00Z
Regular,36,Tue Mar 5 2024,20:00,GMT / UTC+0000,Ipswich Town FC,3-2,0-0,Bristol City FC,2024-03-05T20:00:00Z
Regular,36,Wed Mar 6 2024,19:45,GMT / UTC+0000,Cardiff City FC,1-0,1-0,Huddersfield Town AFC,2024-03-06T19:45:00Z
Regular,36,Wed Mar 6 2024,19:45,GMT / UTC+0000,Middlesbrough FC,3-1,2-1,Norwich City FC,2024-03-06T19:45:00Z
Regular,36,Wed Mar 6 2024,19:45,GMT / UTC+0000,Watford FC,1-1,0-1,Swansea City AFC,2024-03-06T19:45:00Z
Regular,36,Wed Mar 6 2024,20:00,GMT / UTC+0000,Queens Park Rangers FC,2-2,1-2,West Bromwich Albion FC,2024-03-06T20:00:00Z
Regular,37,Fri Mar 8 2024,20:00,GMT / UTC+0000,Sheffield Wednesday FC,0-2,0-1,Leeds United FC,2024-03-08T20:00:00Z
Regular,37,Sat Mar 9 2024,12:30,GMT / UTC+0000,Cardiff City FC,2-1,0-0,Ipswich Town FC,2024-03-09T12:30:00Z
Regular,37,Sat Mar 9 2024,15:00,GMT / UTC+0000,Blackburn Rovers FC,1-1,1-0,Plymouth Argyle FC,2024-03-09T15:00:00Z
Regular,37,Sat Mar 9 2024,15:00,GMT / UTC+0000,Millwall FC,1-0,0-0,Birmingham City FC,2024-03-09T15:00:00Z
Regular,37,Sat Mar 9 2024,15:00,GMT / UTC+0000,Southampton FC,4-2,2-0,Sunderland AFC,2024-03-09T15:00:00Z
Regular,37,Sat Mar 9 2024,15:00,GMT / UTC+0000,Watford FC,1-2,1-1,Coventry City FC,2024-03-09T15:00:00Z
Regular,37,Sat Mar 9 2024,15:00,GMT / UTC+0000,Hull City AFC,2-2,1-1,Leicester City FC,2024-03-09T15:00:00Z
Regular,37,Sat Mar 9 2024,15:00,GMT / UTC+0000,Norwich City FC,5-0,4-0,Rotherham United FC,2024-03-09T15:00:00Z
Regular,37,Sat Mar 9 2024,15:00,GMT / UTC+0000,Preston North End FC,1-2,0-0,Stoke City FC,2024-03-09T15:00:00Z
Regular,37,Sat Mar 9 2024,15:00,GMT / UTC+0000,Queens Park Rangers FC,0-2,0-0,Middlesbrough FC,2024-03-09T15:00:00Z
Regular,37,Sun Mar 10 2024,12:00,GMT / UTC+0000,Huddersfield Town AFC,1-4,1-0,West Bromwich Albion FC,2024-03-10T12:00:00Z
Regular,37,Sun Mar 10 2024,12:30,GMT / UTC+0000,Bristol City FC,1-0,0-0,Swansea City AFC,2024-03-10T12:30:00Z
Regular,29,Tue Mar 12 2024,19:45,GMT / UTC+0000,Birmingham City FC,0-1,0-1,Middlesbrough FC,2024-03-12T19:45:00Z
Regular,38,Sat Mar 16 2024,12:30,GMT / UTC+0000,Swansea City AFC,2-0,1-0,Cardiff City FC,2024-03-16T12:30:00Z
Regular,38,Sat Mar 16 2024,15:00,GMT / UTC+0000,Sunderland AFC,0-0,0-0,Queens Park Rangers FC,2024-03-16T15:00:00Z
Regular,38,Sat Mar 16 2024,15:00,GMT / UTC+0000,Birmingham City FC,0-1,0-1,Watford FC,2024-03-16T15:00:00Z
Regular,38,Sat Mar 16 2024,15:00,GMT / UTC+0000,Middlesbrough FC,0-0,0-0,Blackburn Rovers FC,2024-03-16T15:00:00Z
Regular,38,Sat Mar 16 2024,15:00,GMT / UTC+0000,Ipswich Town FC,6-0,3-0,Sheffield Wednesday FC,2024-03-16T15:00:00Z
Regular,38,Sat Mar 16 2024,15:00,GMT / UTC+0000,Plymouth Argyle FC,0-1,0-1,Preston North End FC,2024-03-16T15:00:00Z
Regular,38,Sat Mar 16 2024,15:00,GMT / UTC+0000,Rotherham United FC,0-0,0-0,Huddersfield Town AFC,2024-03-16T15:00:00Z
Regular,38,Sat Mar 16 2024,15:00,GMT / UTC+0000,Stoke City FC,0-3,0-2,Norwich City FC,2024-03-16T15:00:00Z
Regular,38,Sat Mar 16 2024,15:00,GMT / UTC+0000,West Bromwich Albion FC,2-0,1-0,Bristol City FC,2024-03-16T15:00:00Z
Regular,38,Sun Mar 17 2024,15:00,GMT / UTC+0000,Leeds United FC,2-0,1-0,Millwall FC,2024-03-17T15:00:00Z
Regular,39,Fri Mar 29 2024,12:30,GMT / UTC+0000,Bristol City FC,1-0,0-0,Leicester City FC,2024-03-29T12:30:00Z
Regular,39,Fri Mar 29 2024,13:00,GMT / UTC+0000,Millwall FC,1-1,1-0,West Bromwich Albion FC,2024-03-29T13:00:00Z
Regular,39,Fri Mar 29 2024,15:00,GMT / UTC+0000,Cardiff City FC,0-2,0-2,Sunderland AFC,2024-03-29T15:00:00Z
Regular,39,Fri Mar 29 2024,15:00,GMT / UTC+0000,Southampton FC,1-1,1-0,Middlesbrough FC,2024-03-29T15:00:00Z
Regular,39,Fri Mar 29 2024,15:00,GMT / UTC+0000,Huddersfield Town AFC,1-3,0-2,Coventry City FC,2024-03-29T15:00:00Z
Regular,39,Fri Mar 29 2024,15:00,GMT / UTC+0000,Hull City AFC,0-2,0-0,Stoke City FC,2024-03-29T15:00:00Z
Regular,39,Fri Mar 29 2024,15:00,GMT / UTC+0000,Norwich City FC,2-1,0-1,Plymouth Argyle FC,2024-03-29T15:00:00Z
Regular,39,Fri Mar 29 2024,15:00,GMT / UTC+0000,Preston North End FC,3-0,3-0,Rotherham United FC,2024-03-29T15:00:00Z
Regular,39,Fri Mar 29 2024,15:00,GMT / UTC+0000,Queens Park Rangers FC,2-1,0-0,Birmingham City FC,2024-03-29T15:00:00Z
Regular,39,Fri Mar 29 2024,15:00,GMT / UTC+0000,Sheffield Wednesday FC,1-1,1-0,Swansea City AFC,2024-03-29T15:00:00Z
Regular,39,Fri Mar 29 2024,17:30,GMT / UTC+0000,Blackburn Rovers FC,0-1,0-1,Ipswich Town FC,2024-03-29T17:30:00Z
Regular,39,Fri Mar 29 2024,20:00,GMT / UTC+0000,Watford FC,2-2,2-1,Leeds United FC,2024-03-29T20:00:00Z
Regular,40,Mon Apr 1 2024,12:30,BST / UTC+0100,Leicester City FC,3-1,1-1,Norwich City FC,2024-04-01T11:30:00Z
Regular,40,Mon Apr 1 2024,15:00,BST / UTC+0100,Sunderland AFC,1-5,0-2,Blackburn Rovers FC,2024-04-01T14:00:00Z
Regular,40,Mon Apr 1 2024,15:00,BST / UTC+0100,Birmingham City FC,1-0,0-0,Preston North End FC,2024-04-01T14:00:00Z
Regular,40,Mon Apr 1 2024,15:00,BST / UTC+0100,Coventry City FC,1-2,1-1,Cardiff City FC,2024-04-01T14:00:00Z
Regular,40,Mon Apr 1 2024,15:00,BST / UTC+0100,Middlesbrough FC,2-0,1-0,Sheffield Wednesday FC,2024-04-01T14:00:00Z
Regular,40,Mon Apr 1 2024,15:00,BST / UTC+0100,Plymouth Argyle FC,0-1,0-0,Bristol City FC,2024-04-01T14:00:00Z
Regular,40,Mon Apr 1 2024,15:00,BST / UTC+0100,Rotherham United FC,2-1,0-0,Millwall FC,2024-04-01T14:00:00Z
Regular,40,Mon Apr 1 2024,15:00,BST / UTC+0100,Stoke City FC,1-1,0-1,Huddersfield Town AFC,2024-04-01T14:00:00Z
Regular,40,Mon Apr 1 2024,15:00,BST / UTC+0100,Swansea City AFC,0-1,0-0,Queens Park Rangers FC,2024-04-01T14:00:00Z
Regular,40,Mon Apr 1 2024,15:00,BST / UTC+0100,West Bromwich Albion FC,2-2,0-0,Watford FC,2024-04-01T14:00:00Z
Regular,40,Mon Apr 1 2024,17:30,BST / UTC+0100,Ipswich Town FC,3-2,1-2,Southampton FC,2024-04-01T16:30:00Z
Regular,40,Mon Apr 1 2024,20:00,BST / UTC+0100,Leeds United FC,3-1,1-1,Hull City AFC,2024-04-01T19:00:00Z
Regular,41,Fri Apr 5 2024,20:00,BST / UTC+0100,Rotherham United FC,0-1,0-1,Plymouth Argyle FC,2024-04-05T19:00:00Z
Regular,41,Sat Apr 6 2024,12:30,BST / UTC+0100,Norwich City FC,1-0,1-0,Ipswich Town FC,2024-04-06T11:30:00Z
Regular,41,Sat Apr 6 2024,15:00,BST / UTC+0100,Sunderland AFC,0-0,0-0,Bristol City FC,2024-04-06T14:00:00Z
Regular,41,Sat Apr 6 2024,15:00,BST / UTC+0100,Blackburn Rovers FC,0-0,0-0,Southampton FC,2024-04-06T14:00:00Z
Regular,41,Sat Apr 6 2024,15:00,BST / UTC+0100,Cardiff City FC,1-3,0-2,Hull City AFC,2024-04-06T14:00:00Z
Regular,41,Sat Apr 6 2024,15:00,BST / UTC+0100,Coventry City FC,2-1,1-0,Leeds United FC,2024-04-06T14:00:00Z
Regular,41,Sat Apr 6 2024,15:00,BST / UTC+0100,Middlesbrough FC,2-0,1-0,Swansea City AFC,2024-04-06T14:00:00Z
Regular,41,Sat Apr 6 2024,15:00,BST / UTC+0100,Watford FC,0-0,0-0,Preston North End FC,2024-04-06T14:00:00Z
Regular,41,Sat Apr 6 2024,15:00,BST / UTC+0100,Huddersfield Town AFC,1-0,0-0,Millwall FC,2024-04-06T14:00:00Z
Regular,41,Sat Apr 6 2024,15:00,BST / UTC+0100,Leicester City FC,2-1,1-1,Birmingham City FC,2024-04-06T14:00:00Z
Regular,41,Sat Apr 6 2024,15:00,BST / UTC+0100,Queens Park Rangers FC,0-2,0-0,Sheffield Wednesday FC,2024-04-06T14:00:00Z
Regular,41,Sat Apr 6 2024,15:00,BST / UTC+0100,Stoke City FC,2-2,0-1,West Bromwich Albion FC,2024-04-06T14:00:00Z
Regular,42,Tue Apr 9 2024,19:45,BST / UTC+0100,Millwall FC,1-0,0-0,Leicester City FC,2024-04-09T18:45:00Z
Regular,42,Tue Apr 9 2024,19:45,BST / UTC+0100,Southampton FC,2-1,2-0,Coventry City FC,2024-04-09T18:45:00Z
Regular,42,Tue Apr 9 2024,19:45,BST / UTC+0100,Plymouth Argyle FC,1-1,0-0,Queens Park Rangers FC,2024-04-09T18:45:00Z
Regular,42,Tue Apr 9 2024,19:45,BST / UTC+0100,Preston North End FC,4-1,0-1,Huddersfield Town AFC,2024-04-09T18:45:00Z
Regular,42,Tue Apr 9 2024,19:45,BST / UTC+0100,Sheffield Wednesday FC,2-2,0-2,Norwich City FC,2024-04-09T18:45:00Z
Regular,42,Tue Apr 9 2024,20:00,BST / UTC+0100,Leeds United FC,0-0,0-0,Sunderland AFC,2024-04-09T19:00:00Z
Regular,42,Wed Apr 10 2024,19:45,BST / UTC+0100,Birmingham City FC,0-1,0-0,Cardiff City FC,2024-04-10T18:45:00Z
Regular,42,Wed Apr 10 2024,19:45,BST / UTC+0100,Bristol City FC,5-0,2-0,Blackburn Rovers FC,2024-04-10T18:45:00Z
Regular,42,Wed Apr 10 2024,19:45,BST / UTC+0100,Hull City AFC,2-2,2-1,Middlesbrough FC,2024-04-10T18:45:00Z
Regular,42,Wed Apr 10 2024,19:45,BST / UTC+0100,Ipswich Town FC,0-0,0-0,Watford FC,2024-04-10T18:45:00Z
Regular,42,Wed Apr 10 2024,20:00,BST / UTC+0100,Swansea City AFC,3-0,1-0,Stoke City FC,2024-04-10T19:00:00Z
Regular,42,Wed Apr 10 2024,20:00,BST / UTC+0100,West Bromwich Albion FC,2-0,2-0,Rotherham United FC,2024-04-10T19:00:00Z
Regular,43,Fri Apr 12 2024,20:00,BST / UTC+0100,Plymouth Argyle FC,1-0,1-0,Leicester City FC,2024-04-12T19:00:00Z
Regular,43,Sat Apr 13 2024,12:30,BST / UTC+0100,Leeds United FC,0-1,0-0,Blackburn Rovers FC,2024-04-13T11:30:00Z
Regular,43,Sat Apr 13 2024,15:00,BST / UTC+0100,Birmingham City FC,3-0,2-0,Coventry City FC,2024-04-13T14:00:00Z
Regular,43,Sat Apr 13 2024,15:00,BST / UTC+0100,Bristol City FC,1-1,0-0,Huddersfield Town AFC,2024-04-13T14:00:00Z
Regular,43,Sat Apr 13 2024,15:00,BST / UTC+0100,Millwall FC,3-1,2-1,Cardiff City FC,2024-04-13T14:00:00Z
Regular,43,Sat Apr 13 2024,15:00,BST / UTC+0100,Southampton FC,3-2,2-1,Watford FC,2024-04-13T14:00:00Z
Regular,43,Sat Apr 13 2024,15:00,BST / UTC+0100,Hull City AFC,3-0,2-0,Queens Park Rangers FC,2024-04-13T14:00:00Z
Regular,43,Sat Apr 13 2024,15:00,BST / UTC+0100,Ipswich Town FC,1-1,1-1,Middlesbrough FC,2024-04-13T14:00:00Z
Regular,43,Sat Apr 13 2024,15:00,BST / UTC+0100,Preston North End FC,0-1,0-0,Norwich City FC,2024-04-13T14:00:00Z
Regular,43,Sat Apr 13 2024,15:00,BST / UTC+0100,Sheffield Wednesday FC,1-1,0-0,Stoke City FC,2024-04-13T14:00:00Z
Regular,43,Sat Apr 13 2024,15:00,BST / UTC+0100,Swansea City AFC,1-0,0-0,Rotherham United FC,2024-04-13T14:00:00Z
Regular,43,Sat Apr 13 2024,15:00,BST / UTC+0100,West Bromwich Albion FC,0-1,0-1,Sunderland AFC,2024-04-13T14:00:00Z
Regular,36,Tue Apr 16 2024,20:00,BST / UTC+0100,Southampton FC,3-0,3-0,Preston North End FC,2024-04-16T19:00:00Z
Regular,44,Sat Apr 20 2024,12:30,BST / UTC+0100,Leicester City FC,2-1,1-0,West Bromwich Albion FC,2024-04-20T11:30:00Z
Regular,44,Sat Apr 20 2024,15:00,BST / UTC+0100,Sunderland AFC,0-1,0-0,Millwall FC,2024-04-20T14:00:00Z
Regular,44,Sat Apr 20 2024,15:00,BST / UTC+0100,Cardiff City FC,2-1,0-1,Southampton FC,2024-04-20T14:00:00Z
Regular,44,Sat Apr 20 2024,15:00,BST / UTC+0100,Watford FC,0-0,0-0,Hull City AFC,2024-04-20T14:00:00Z
Regular,44,Sat Apr 20 2024,15:00,BST / UTC+0100,Huddersfield Town AFC,0-4,0-0,Swansea City AFC,2024-04-20T14:00:00Z
Regular,44,Sat Apr 20 2024,15:00,BST / UTC+0100,Norwich City FC,1-1,0-0,Bristol City FC,2024-04-20T14:00:00Z
Regular,44,Sat Apr 20 2024,15:00,BST / UTC+0100,Rotherham United FC,0-0,0-0,Birmingham City FC,2024-04-20T14:00:00Z
Regular,44,Sat Apr 20 2024,15:00,BST / UTC+0100,Stoke City FC,3-0,2-0,Plymouth Argyle FC,2024-04-20T14:00:00Z
Regular,44,Sat Apr 20 2024,17:15,BST / UTC+0100,Queens Park Rangers FC,1-0,1-0,Preston North End FC,2024-04-20T16:15:00Z
Regular,44,Sun Apr 21 2024,12:30,BST / UTC+0100,Blackburn Rovers FC,1-3,1-1,Sheffield Wednesday FC,2024-04-21T11:30:00Z
Regular,44,Mon Apr 22 2024,20:00,BST / UTC+0100,Middlesbrough FC,3-4,2-3,Leeds United FC,2024-04-22T19:00:00Z
Regular,38,Tue Apr 23 2024,20:00,BST / UTC+0100,Leicester City FC,5-0,1-0,Southampton FC,2024-04-23T19:00:00Z
Regular,38,Wed Apr 24 2024,19:45,BST / UTC+0100,Coventry City FC,2-3,1-2,Hull City AFC,2024-04-24T18:45:00Z
Regular,45,Fri Apr 26 2024,20:00,BST / UTC+0100,Queens Park Rangers FC,4-0,2-0,Leeds United FC,2024-04-26T19:00:00Z
Regular,45,Sat Apr 27 2024,15:00,BST / UTC+0100,Blackburn Rovers FC,0-0,0-0,Coventry City FC,2024-04-27T14:00:00Z
Regular,45,Sat Apr 27 2024,15:00,BST / UTC+0100,Bristol City FC,2-0,1-0,Rotherham United FC,2024-04-27T14:00:00Z
Regular,45,Sat Apr 27 2024,15:00,BST / UTC+0100,Cardiff City FC,1-4,0-1,Middlesbrough FC,2024-04-27T14:00:00Z
Regular,45,Sat Apr 27 2024,15:00,BST / UTC+0100,Millwall FC,1-0,0-0,Plymouth Argyle FC,2024-04-27T14:00:00Z
Regular,45,Sat Apr 27 2024,15:00,BST / UTC+0100,Southampton FC,0-1,0-1,Stoke City FC,2024-04-27T14:00:00Z
Regular,45,Sat Apr 27 2024,15:00,BST / UTC+0100,Watford FC,1-0,0-0,Sunderland AFC,2024-04-27T14:00:00Z
Regular,45,Sat Apr 27 2024,15:00,BST / UTC+0100,Huddersfield Town AFC,1-1,0-1,Birmingham City FC,2024-04-27T14:00:00Z
Regular,45,Sat Apr 27 2024,15:00,BST / UTC+0100,Norwich City FC,2-2,2-1,Swansea City AFC,2024-04-27T14:00:00Z
Regular,45,Sat Apr 27 2024,15:00,BST / UTC+0100,Sheffield Wednesday FC,3-0,1-0,West Bromwich Albion FC,2024-04-27T14:00:00Z
Regular,45,Sat Apr 27 2024,20:00,BST / UTC+0100,Hull City AFC,3-3,1-2,Ipswich Town FC,2024-04-27T19:00:00Z
Regular,45,Mon Apr 29 2024,20:00,BST / UTC+0100,Preston North End FC,0-3,0-1,Leicester City FC,2024-04-29T19:00:00Z
Regular,44,Tue Apr 30 2024,20:00,BST / UTC+0100,Coventry City FC,1-2,0-1,Ipswich Town FC,2024-04-30T19:00:00Z
Regular,46,Sat May 4 2024,12:30,BST / UTC+0100,Swansea City AFC,0-1,0-0,Millwall FC,2024-05-04T11:30:00Z
Regular,46,Sat May 4 2024,12:30,BST / UTC+0100,Sunderland AFC,0-2,0-2,Sheffield Wednesday FC,2024-05-04T11:30:00Z
Regular,46,Sat May 4 2024,12:30,BST / UTC+0100,Birmingham City FC,1-0,0-0,Norwich City FC,2024-05-04T11:30:00Z
Regular,46,Sat May 4 2024,12:30,BST / UTC+0100,Coventry City FC,1-2,0-2,Queens Park Rangers FC,2024-05-04T11:30:00Z
Regular,46,Sat May 4 2024,12:30,BST / UTC+0100,Middlesbrough FC,3-1,1-0,Watford FC,2024-05-04T11:30:00Z
Regular,46,Sat May 4 2024,12:30,BST / UTC+0100,Ipswich Town FC,2-0,1-0,Huddersfield Town AFC,2024-05-04T11:30:00Z
Regular,46,Sat May 4 2024,12:30,BST / UTC+0100,Leeds United FC,1-2,1-2,Southampton FC,2024-05-04T11:30:00Z
Regular,46,Sat May 4 2024,12:30,BST / UTC+0100,Leicester City FC,0-2,0-0,Blackburn Rovers FC,2024-05-04T11:30:00Z
Regular,46,Sat May 4 2024,12:30,BST / UTC+0100,Plymouth Argyle FC,1-0,1-0,Hull City AFC,2024-05-04T11:30:00Z
Regular,46,Sat May 4 2024,12:30,BST / UTC+0100,Rotherham United FC,5-2,2-1,Cardiff City FC,2024-05-04T11:30:00Z
Regular,46,Sat May 4 2024,12:30,BST / UTC+0100,Stoke City FC,4-0,3-0,Bristol City FC,2024-05-04T11:30:00Z
Regular,46,Sat May 4 2024,12:30,BST / UTC+0100,West Bromwich Albion FC,3-0,1-0,Preston North End FC,2024-05-04T11:30:00Z
Knockout,Semifinals | Leg 1,Sun May 12 2024,12:00,BST / UTC+0100,Norwich City FC,0-0,0-0,Leeds United FC,2024-05-12T11:00:00Z
Knockout,Semifinals | Leg 1,Sun May 12 2024,14:15,BST / UTC+0100,West Bromwich Albion FC,0-0,0-0,Southampton FC,2024-05-12T13:15:00Z
Knockout,Semifinals | Leg 2,Thu May 16 2024,20:00,BST / UTC+0100,Leeds United FC,4-0,3-0,Norwich City FC,2024-05-16T19:00:00Z
Knockout,Semifinals | Leg 2,Fri May 17 2024,20:00,BST / UTC+0100,Southampton FC,3-1,0-0,West Bromwich Albion FC,2024-05-17T19:00:00Z
Knockout,Final,Sun May 26 2024,15:00,BST / UTC+0100,Leeds United FC,0-1,0-1,Southampton FC,2024-05-26T14:00:00Z
